sku,name,price,link
00018099,"
                                    Кросівки Salewa WS Wildfire 2 Mns                                ",7 195 грн,https://www.gorgany.com/krosivky-salewa-ws-wildfire-2-mns.html
00016244,"
                                    Кросівки Salewa MS Wildfire Leather                                ",6 745 грн,https://www.gorgany.com/krosivky-salewa-ms-wildfire-leather.html
00016464,"
                                    Кросівки Dynafit Ultra 50 GTX Mns                                ",7 945 грн,https://www.gorgany.com/krosivky-dynafit-ultra-50-gtx-mns.html
00009920,"
                                    Кросівки Dynafit Feline SL Mns                                ",6 845 грн,https://www.gorgany.com/krosivky-dynafit-feline-sl-mns.html
00018097,"
                                    Кросівки Salewa ALP Trainer 2 Mns                                ",7 195 грн,https://www.gorgany.com/krosivky-salewa-alp-trainer-2-mns.html
00022122,"
                                    Кросівки Zamberlan 217 Free Blast GTX                                ",8 950 грн,https://www.gorgany.com/krosivky-zamberlan-217-free-blast-gtx.html
00018101,"
                                    Кросівки Salewa MS Wildfire Canvas                                ",5 945 грн,https://www.gorgany.com/krosivky-salewa-ms-wildfire-canvas.html
00018224,"
                                    Кросівки Dynafit Ultra 50 Mns                                ",6 645 грн,https://www.gorgany.com/krosivky-dynafit-ultra-50-mns.html
00024827,"
                                    Кросівки Salewa Pedroc Air Wms                                ",6 745 грн,https://www.gorgany.com/krosivky-salewa-pedroc-air-wms.html
00003214,"
                                    Кросівки Zamberlan Yeren Low GTX                                ",7 950 грн,https://www.gorgany.com/krosivky-zamberlan-yeren-low-gtx.html
00018100,"
                                    Кросівки Salewa Wildfire 2 Wms                                ",7 195 грн,https://www.gorgany.com/krosivky-salewa-wildfire-2-wms.html
00024823,"
                                    Кросівки Salewa Pedroc PTX Mns                                ",8 095 грн,https://www.gorgany.com/krosivky-salewa-pedroc-ptx-mns.html
00014546,"
                                    Кросівки Zamberlan Salathe GTX RR                                ",9 950 грн,https://www.gorgany.com/krosivky-zamberlan-salathe-gtx-rr.html
00016243,"
                                    Кросівки Salewa WS Wildfire Leather                                ",6 745 грн,https://www.gorgany.com/krosivky-salewa-ws-wildfire-leather.html
00009768,"
                                    Кросівки Salewa WS MTN Trainer 2 GTX                                ",8 945 грн,https://www.gorgany.com/krosivky-salewa-ws-mtn-trainer-2-gtx.html
00025117,"
                                    Кросівки Zamberlan 217 Free Blast Suede                                ",8 250 грн,https://www.gorgany.com/krosivky-zamberlan-217-free-blast-suede.html
00025116,"
                                    Кросівки Zamberlan 217 Free Blast GTX Suede                                ",8 950 грн,https://www.gorgany.com/krosivky-zamberlan-217-free-blast-gtx-suede.html
00022887,"
                                    Кросівки Salewa Wildfire Leather GTX Wms                                ",7 645 грн,https://www.gorgany.com/krosivki-salewa-wildfire-leather-gtx-wms.html
00018099,"
                                    Кросівки Salewa WS Wildfire 2 Mns                                ",7 195 грн,https://www.gorgany.com/krosivky-salewa-ws-wildfire-2-mns.html
00016244,"
                                    Кросівки Salewa MS Wildfire Leather                                ",6 745 грн,https://www.gorgany.com/krosivky-salewa-ms-wildfire-leather.html
00016464,"
                                    Кросівки Dynafit Ultra 50 GTX Mns                                ",7 945 грн,https://www.gorgany.com/krosivky-dynafit-ultra-50-gtx-mns.html
00009920,"
                                    Кросівки Dynafit Feline SL Mns                                ",6 845 грн,https://www.gorgany.com/krosivky-dynafit-feline-sl-mns.html
00018097,"
                                    Кросівки Salewa ALP Trainer 2 Mns                                ",7 195 грн,https://www.gorgany.com/krosivky-salewa-alp-trainer-2-mns.html
00022122,"
                                    Кросівки Zamberlan 217 Free Blast GTX                                ",8 950 грн,https://www.gorgany.com/krosivky-zamberlan-217-free-blast-gtx.html
00018101,"
                                    Кросівки Salewa MS Wildfire Canvas                                ",5 945 грн,https://www.gorgany.com/krosivky-salewa-ms-wildfire-canvas.html
00018224,"
                                    Кросівки Dynafit Ultra 50 Mns                                ",6 645 грн,https://www.gorgany.com/krosivky-dynafit-ultra-50-mns.html
00024827,"
                                    Кросівки Salewa Pedroc Air Wms                                ",6 745 грн,https://www.gorgany.com/krosivky-salewa-pedroc-air-wms.html
00003214,"
                                    Кросівки Zamberlan Yeren Low GTX                                ",7 950 грн,https://www.gorgany.com/krosivky-zamberlan-yeren-low-gtx.html
00018100,"
                                    Кросівки Salewa Wildfire 2 Wms                                ",7 195 грн,https://www.gorgany.com/krosivky-salewa-wildfire-2-wms.html
00024823,"
                                    Кросівки Salewa Pedroc PTX Mns                                ",8 095 грн,https://www.gorgany.com/krosivky-salewa-pedroc-ptx-mns.html
00014546,"
                                    Кросівки Zamberlan Salathe GTX RR                                ",9 950 грн,https://www.gorgany.com/krosivky-zamberlan-salathe-gtx-rr.html
00016243,"
                                    Кросівки Salewa WS Wildfire Leather                                ",6 745 грн,https://www.gorgany.com/krosivky-salewa-ws-wildfire-leather.html
00009768,"
                                    Кросівки Salewa WS MTN Trainer 2 GTX                                ",8 945 грн,https://www.gorgany.com/krosivky-salewa-ws-mtn-trainer-2-gtx.html
00025117,"
                                    Кросівки Zamberlan 217 Free Blast Suede                                ",8 250 грн,https://www.gorgany.com/krosivky-zamberlan-217-free-blast-suede.html
00025116,"
                                    Кросівки Zamberlan 217 Free Blast GTX Suede                                ",8 950 грн,https://www.gorgany.com/krosivky-zamberlan-217-free-blast-gtx-suede.html
00022887,"
                                    Кросівки Salewa Wildfire Leather GTX Wms                                ",7 645 грн,https://www.gorgany.com/krosivki-salewa-wildfire-leather-gtx-wms.html
00025442,"
                                    Кросівки Hoka One One M Arahi 6                                ",6 499 грн,https://www.gorgany.com/krosivki-hoka-one-one-m-arahi-6.html
00012312,"
                                    Кросівки Salewa MS Wildfire Edge GTX                                ",8 545 грн,https://www.gorgany.com/krosivky-salewa-wildfire-edge-gtx-mns.html
00-00011869,"
                                    Кросівки Zamberlan Hike Lite                                ",5 685 грн,https://www.gorgany.com/krosivky-zamberlan-hike-lite.html
00009771,"
                                    Кросівки Salewa MS MTN Trainer Lite GTX                                ",7 645 грн,https://www.gorgany.com/krosivky-salewa-ms-mtn-trainer-lite-gtx.html
00024826,"
                                    Кросівки Salewa Pedroc Air Mns                                ",6 745 грн,https://www.gorgany.com/krosivky-salewa-pedroc-air-mns.html
00025443,"
                                    Кросівки Hoka One One M Clifton 9                                ",6 499 грн,https://www.gorgany.com/krosivki-hoka-one-one-m-clifton-9.html
00025445,"
                                    Кросівки Hoka One One M Torrent 3                                ",5 999 грн,https://www.gorgany.com/krosivki-hoka-one-one-m-torrent-3.html
00025444,"
                                    Кросівки Hoka One One W Clifton 9                                 ",6 499 грн,https://www.gorgany.com/krosivki-hoka-one-one-w-clifton-9.html
00022886,"
                                    Кросівки Salewa Wildfire Leather GTX Mns                                ",7 645 грн,https://www.gorgany.com/krosivki-salewa-wildfire-leather-gtx-mns.html
00009921,"
                                    Кросівки Dynafit Feline SL Wms                                ",6 845 грн,https://www.gorgany.com/krosivky-dynafit-feline-sl-wms.html
00012965,"
                                    Кросівки Scarpa Mojito GTX                                ",7 006 грн,https://www.gorgany.com/krosivky-scarpa-mojito-gtx.html
00009773,"
                                    Кросівки Salewa MS MTN Trainer Lite                                ",6 745 грн,https://www.gorgany.com/krosivky-salewa-ms-mtn-trainer-lite.html
00009774,"
                                    Кросівки Salewa WS MTN Trainer Lite                                 ",6 745 грн,https://www.gorgany.com/krosivky-salewa-ws-mtn-trainer-lite.html
00014070,"
                                    Кросівки Dynafit Alpine Mns                                ",6 945 грн,https://www.gorgany.com/krosivky-dynafit-alpine-mns.html
00-00011870,"
                                    Кросівки Zamberlan Hike Lite GTX Wns                                ",6 995 грн,https://www.gorgany.com/krosivky-zamberlan-hike-lite-gtx-wns.html
00024825,"
                                    Кросівки Salewa Pedroc PTX Wms                                ",8 095 грн,https://www.gorgany.com/krosivky-salewa-pedroc-ptx-wms.html
00016465,"
                                    Кросівки Dynafit Ultra 50 GTX Wms                                ",7 945 грн,https://www.gorgany.com/krosivky-dynafit-ultra-50-gtx-wms.html
00014069,"
                                    Кросівки Dynafit Alpine DNA W                                ",7 945 грн,https://www.gorgany.com/krosivky-dynafit-alpine-dna-w.html
00005066,"
                                    Кросівки Salewa MS Wildfire Edge                                ",7 445 грн,https://www.gorgany.com/krosivky-salewa-ms-wildfire-edge.html
00018102,"
                                    Кросівки Salewa WS Wildfire Canvas                                ",5 945 грн,https://www.gorgany.com/krosivky-salewa-ws-wildfire-canvas.html
00018225,"
                                    Кросівки Dynafit Ultra 50 Wms                                ",6 645 грн,https://www.gorgany.com/sneakers-dynafit-ultra-50-wms.html
00024832,"
                                    Кросівки Dynafit Transalper Mns                                ",7 545 грн,https://www.gorgany.com/krosivky-dynafit-transalper-mns.html
00018229,"
                                    Кросівки Dynafit Transalper GTX Wms                                ",8 345 грн,https://www.gorgany.com/krosivky-dynafit-transalper-gtx-wms.html
00012203,"
                                    Кросівки Dynafit Feeline SL GTX Mns                                ",7 150 грн,https://www.gorgany.com/sneakers-dynafit-feeline-sl-gtx-mns.html
00022017,"
                                    Кросівки Black Diamond Mission XP LTH Mns                                ",6 630 грн,https://www.gorgany.com/krosivky-black-diamond-mission-xp-lth-mns.html
00018228,"
                                    Кросівки Dynafit Transalper GTX Mns                                ",8 345 грн,https://www.gorgany.com/krosivky-dynafit-transalper-gtx-mns.html
00014135,"
                                    Кросівки Salewa MS Ultra Train 3                                ",5 995 грн,https://www.gorgany.com/krosivky-salewa-ms-ultra-train-3.html
00024820,"
                                    Кросівки Salewa Wildfire 2 GTX Mns                                ",7 945 грн,https://www.gorgany.com/krosivky-salewa-wildfire-2-gtx-mns.html
00023027,"
                                    Кросівки Alpine Pro Kadewe                                ",7 265 грн,https://www.gorgany.com/krosivki-alpine-pro-kadewe.html
00012204,"
                                    Кросівки Dynafit Feeline SL GTX Wms                                ",7 150 грн,https://www.gorgany.com/sneakers-dynafit-feeline-sl-gtx-wms.html
00022340,"
                                    Кросівки Black Diamond Mission XP LTHR Wms                                ",6 630 грн,https://www.gorgany.com/krosivky-black-diamond-mission-xp-lthr-wms.html
00014683,"
                                    Кросівки Black Diamond Session Wms                                ",5 460 грн,https://www.gorgany.com/krosivky-black-diamond-session-wms.html
00018212,"
                                    Кросівки Black Diamond Prime Mns                                ",5 265 грн,https://www.gorgany.com/krosivky-black-diamond-prime-mns.html
00021934,"
                                    Кросівки Keen Targhee III WP Wms                                ",7 350 грн,https://www.gorgany.com/krosivky-keen-targhee-iii-wp-wms.html
00012313,"
                                    Кросівки Salewa WS Wildfire Edge GTX                                ",8 545 грн,https://www.gorgany.com/krosivky-salewa-wildfire-edge-gtx-wms.html
00009772,"
                                    Кросівки Salewa WS MTN Trainer Lite GTX                                ",7 645 грн,https://www.gorgany.com/krosivky-salewa-ws-mtn-trainer-lite-gtx.html
00017263,"
                                    Кросівки Black Diamond M Technician                                 ",5 655 грн,https://www.gorgany.com/krosivky-black-diamond-m-technician.html
00016241,"
                                    Кросівки Salewa MS Dropline Leather                                ",6 845 грн,https://www.gorgany.com/krosivky-salewa-ms-dropline-leather.html
